,hateval_rf,hateval_nb,detoxis_rf,detoxis_nb,meoffendmex_rf,meoffendmex_nb
0,zorra,bien puta,que,puede hacer,hdp,el mundial
1,perra,putos moros,de,me parece que,pinche,chilenos
2,de,barata,la,sobre el,tu,por putos
3,callate,callate zorra,no,palos,que,prietas
4,la,los manteros,es,agua,de,como tu
5,hijo de,eres puta,los,blancos,maricon,mexicanos
6,los,ilegalmente,el,hubieran,putos,argentinos
7,acoso,moromierdas,una,porque si,la,gringos
8,hijo,moros,en,que no te,me,mil putas
9,que,callate la boca,un buen,si tienes,joto,son unos
10,la puta,eres bien,le han,pongan,no,esperar
11,cállate,violadores,hay,fascismo,son,sabemos
12,puta,por ser,al,le han,el,eres un
13,escoria,jajajajajaja,se,hubiese,en,par
14,subsaharianos,el pueblo,pero,han dado,pendejo,viernes
15,no,creen,un,entre ellos,tu madre,solo por
16,callate puta,por puta,para,la cara,los,putito
17,en,violentos,si,pocas,se,putos hondureños
18,sudaca,lo hace,mar,que empezar,hijo de,gordo
19,el,cal,este,ve que,madre,ver si
20,sudacas,sucia,vale,cometer,loca,hijo de tu
21,mujer,llega,lo,hijos de puta,es,hondureños
22,cállate perra,merecías,por,seres,por,la mierda
23,me,ayudas,dado,pateras,pinches,lo peor
24,un,cállate perra,hijos de puta,adelante,te,lameculos
25,eres,puta tu,espero que,tipos,ya,por ser
26,una,puta zorra,con,lo menos,las,tal vez
27,cállate puta,frontera,le,no está,lo,de sus putas
28,hijo de puta,cállate zorra,yo,al odio,hijo,te voy
29,puta madre,ser una,me,lo demás,un,perra
30,es,maldita perra,del,recuerdo,verga,tambien
31,árabe,mi hermana,puta,absolutamente,con,te vas
32,con,control,que se,en la cabeza,para,son bien
33,te,ok,han dado,ni la,vieja,sabía
34,eres una,callate puta,la cabeza,un buen,golfa,con tus
35,para,eres una puta,dia,discutir,prieta,que putos
36,lo,novia es una,estos,de por,lameculos,cuándo
37,polla,eres una perra,que no,no el,una,de este
38,violación,tú eres perra,esto,una puta,putas,tienen madre
39,por,eres perra,anciana,usa,su,hija de
40,tu,como los,entre ellos,no han,mi,de su puta
41,las,callate perra,el que,racismo no,como,cago
42,de puta,tú eres una,paliza,acaban,eres,carajo
43,mi,eres la perra,tú,detenidos,si,realidad
44,manteros,negros,pero en,propias,perra,son putos
45,moromierdas,turista,ladrón,miseria,pero,el joto
46,guarra,inmigrantes subsaharianos,de puta,policia,maricón,basura
47,negros,tu novia es,espero,error,marica,esa golfa
48,callate zorra,más puta,son,malas,la gorda,el hdp
49,moros,cal viva,lo mismo,pública,puto,unos putos
50,negratas,las ayudas,han,los mas valientes,pendejos,sus putas madres
51,se,000 subsaharianos,las,el que no,puta,siendo
52,si,zorra que,sobre el,medida,estoy,trump
53,madre,sevillista es,hijos de,da la,esta,que feas
54,de la,sevillista es una,gentuza,menéame,gorda,putos los
55,tienen,gorda,ejemplo,de no,de la,vieja
56,del,los putos,porque,seas,mundial,viejas
57,son,manteros,les,ellos no,vete,los de
58,mujeres,cállate puta,entre,creen,mierda,madre los
59,mierda,tú eres mi,mis,pagarnos las,bien,madre me
60,nos,los españoles,asi,son sus costumbres,más,punto de
61,tu eres,lo mereces por,impunidad,un inmigrante,hijos de,primero
62,pinche,tu novia,robar,espera,de mierda,presidente
63,putos,hdp,te,imagino,le,porno
64,indocumentado,las tetas,en una,gente que se,del,váyanse
65,como,malditos,así,donde se,pendeja,al mundial
66,hija,sanidad,su,el resto de,al,pinche gorda
67,ya,racistas,va,se ve,les,ya lo
68,al,pendeja,agua,en todo,yo,pienso
69,arabe,esta mujer es,totalmente,queremos que,vas,piensan
70,mereces,patria,por ejemplo,significa,prietas,no sea
71,hija de,esta mujer,encima,asunto,jajajaja,no tienen madre
72,callate perra,pasando,serían,de si,hijos,argentina
73,más,enseñar el,cabeza,en este caso,solo,aparte
74,yo,entran,le ha,quitar,gordas,que bueno que
75,negro,negra,han hecho,varios,hondureños,vete
76,le,negratas,policia,pagarnos las pensiones,jajaja,vete la verga
77,españoles,españoles,ante,correcto,él,vete la
78,pero,oye,pues,cosas que,chingar,azul
79,novia,eres tan,se le,pero ya,cuando,noerapenal
80,inmigrantes,es una zorra,en el,gente no,todos,deja de
81,la puta madre,es tu,solo,grandes,mil putas,moral
82,la puta boca,es más,merece,grave,ser,pinche joto
83,eso,es para,como si,el odio,trump,el culo
84,ni,pedro,que me,grupos,feas,pasar
85,vienen,pero tu eres,ya,piensan que,ojalá,ir al
86,güero,fútbol,fascismo,que puede,tu puta,que quiero
87,culo,pobres,propias,playa,qué,conozco
88,árabes,que vos,yo que,perfecto,chilenos,tantos
89,porque,de vacaciones,más,que se ha,tus,pela
90,país,que no te,buen,ha habido,putita,de tu puta
91,cállate zorra,que esta,no es,galapagar,viejas,políticos
92,es una,menudo,acabar,habla de,que no,más feas
93,tú,que era,hacer,te da,porque,mía
94,novia es,desgracia,casa,podía,ni,que pedo
95,españa,un inmigrante,paso,cantidad,culo,pendejas
96,hija de puta,puta me,vida de,para sus,mujeres,costumbre
97,eres la,puta de mierda,común,de los demás,chingas tu,grupo
98,tú eres,puso,como,familiares,que se,son los
99,una mujer,dije,fuerte,camino,está,ratas
